Employee_Name	PerformanceScore	Score					
"Adinolfi, Wilson  K"	Exceeds	5				Exceeds	5
"Ait Sidi, Karthikeyan"	Fully Meets	4				Fully Meets	4
"Akinkuolie, Sarah"	Fully Meets	4				Needs Improvement	3
"Alagbe,Trina"	Fully Meets	4				PIP	2
"Anderson, Carol"	Fully Meets	4					
"Anderson, Linda"	Exceeds	5					
"Andreola, Colby"	Fully Meets	4					
"Athwal, Sam"	Fully Meets	4					
"Bachiochi, Linda"	Fully Meets	4					
"Bacong, Alejandro"	Fully Meets	4					
"Baczenski, Rachael"	Fully Meets	4					
"Barbara, Thomas"	Fully Meets	4					
"Barbossa, Hector"	Exceeds	5					
"Barone, Francesco  A"	Fully Meets	4					
"Barton, Nader"	Fully Meets	4					
"Bates, Norman"	Fully Meets	4					
"Beak, Kimberly"	Exceeds	5					
"Beatrice, Courtney"	Fully Meets	4					
"Becker, Renee"	Fully Meets	4					
"Becker, Scott"	Fully Meets	4					
"Bernstein, Sean"	Fully Meets	4					
"Biden, Lowan  M"	Fully Meets	4					
"Billis, Helen"	Exceeds	5					
"Blount, Dianna"	Needs Improvement	3					
"Bondwell, Betsy"	Fully Meets	4					
"Booth, Frank"	Fully Meets	4					
"Boutwell, Bonalyn"	Fully Meets	4					
"Bozzi, Charles"	Fully Meets	4					
"Brill, Donna"	Fully Meets	4					
"Brown, Mia"	Fully Meets	4					
"Buccheri, Joseph"	Fully Meets	4					
"Bugali, Josephine"	Fully Meets	4					
"Bunbury, Jessica"	Fully Meets	4					
"Burke, Joelle"	Fully Meets	4					
"Burkett, Benjamin"	Fully Meets	4					
"Cady, Max"	Fully Meets	4					
"Candie, Calvin"	Exceeds	5					
"Carabbio, Judith"	Fully Meets	4					
"Carey, Michael"	Fully Meets	4					
"Carr, Claudia  N"	Fully Meets	4					
"Carter, Michelle"	Fully Meets	4					
"Carthy, B'rigit"	Fully Meets	4					
"Chace, Beatrice"	Fully Meets	4					
"Champaigne, Brian"	Fully Meets	4					
"Chan, Lin"	Fully Meets	4					
"Chang, Donovan  E"	Fully Meets	4					
"Chigurh, Anton"	Fully Meets	4					
"Chivukula, Enola"	Fully Meets	4					
"Cierpiszewski, Caroline"	Fully Meets	4					
"Clayton, Rick"	Fully Meets	4					
"Cloninger, Jennifer"	Fully Meets	4					
"Close, Phil"	Fully Meets	4					
"Clukey, Elijian"	Exceeds	5					
"Cockel, James"	Fully Meets	4					
"Cole, Spencer"	Needs Improvement	3					
"Corleone, Michael"	Needs Improvement	3					
"Corleone, Vito"	Exceeds	5					
"Cornett, Lisa"	Fully Meets	4					
"Costello, Frank"	Fully Meets	4					
"Crimmings,   Jean"	Fully Meets	4					
"Cross, Noah"	Fully Meets	4					
"Daneault, Lynn"	Fully Meets	4					
"Daniele, Ann"	Fully Meets	4					
"Darson, Jene'ya"	Fully Meets	4					
"Davis, Daniel"	Fully Meets	4					
"Dee, Randy"	Fully Meets	4					
"DeGweck,  James"	Fully Meets	4					
"Del Bosque, Keyla"	Fully Meets	4					
"Delarge, Alex"	PIP	2					
"Demita, Carla"	Fully Meets	4					
"Desimone, Carl"	PIP	2					
"DeVito, Tommy"	Fully Meets	4					
"Dickinson, Geoff"	Fully Meets	4					
"Dietrich, Jenna"	PIP	2					
"DiNocco, Lily"	Needs Improvement	3					
"Dobrin, Denisa  S"	Fully Meets	4					
"Dolan, Linda"	Fully Meets	4					
"Dougall, Eric"	Exceeds	5					
"Driver, Elle"	Exceeds	5					
"Dunn, Amy"	Fully Meets	4					
"Dunne, Amy"	Fully Meets	4					
"Eaton, Marianne"	Fully Meets	4					
"Engdahl, Jean"	Fully Meets	4					
"England, Rex"	Fully Meets	4					
"Erilus, Angela"	PIP	2					
"Estremera, Miguel"	Needs Improvement	3					
"Evensen, April"	Needs Improvement	3					
"Exantus, Susan"	Needs Improvement	3					
"Faller, Megan"	Fully Meets	4					
"Fancett, Nicole"	Fully Meets	4					
"Ferguson, Susan"	Fully Meets	4					
"Fernandes, Nilson"	PIP	2					
"Fett, Boba"	PIP	2					
"Fidelia,  Libby"	Fully Meets	4					
"Fitzpatrick, Michael  J"	Fully Meets	4					
"Foreman, Tanya"	Fully Meets	4					
"Forrest, Alex"	PIP	2					
"Foss, Jason"	Exceeds	5					
"Foster-Baker, Amy"	Fully Meets	4					
"Fraval, Maruk"	Fully Meets	4					
"Galia, Lisa"	Fully Meets	4					
"Garcia, Raul"	Fully Meets	4					
"Gaul, Barbara"	Fully Meets	4					
"Gentry, Mildred"	Fully Meets	4					
"Gerke, Melisa"	Fully Meets	4					
"Gill, Whitney"	Fully Meets	4					
"Gilles, Alex"	Needs Improvement	3					
"Girifalco, Evelyn"	Exceeds	5					
"Givens, Myriam"	Fully Meets	4					
"Goble, Taisha"	Fully Meets	4					
"Goeth, Amon"	Fully Meets	4					
"Gold, Shenice"	Fully Meets	4					
"Gonzalez, Cayo"	Exceeds	5					
"Gonzalez, Juan"	PIP	2					
"Gonzalez, Maria"	Fully Meets	4					
"Good, Susan"	Fully Meets	4					
"Gordon, David"	Fully Meets	4					
"Gosciminski, Phylicia"	Fully Meets	4					
"Goyal, Roxana"	Fully Meets	4					
"Gray, Elijiah"	Fully Meets	4					
"Gross, Paula"	Fully Meets	4					
"Gruber, Hans"	Fully Meets	4					
"Guilianno, Mike"	Fully Meets	4					
"Handschiegl, Joanne"	Fully Meets	4					
"Hankard, Earnest"	Fully Meets	4					
"Harrington, Christie"	Fully Meets	4					
"Harrison, Kara"	Exceeds	5					
"Heitzman, Anthony"	Fully Meets	4					
"Hendrickson, Trina"	Fully Meets	4					
"Hitchcock, Alfred"	Fully Meets	4					
"Homberger, Adrienne  J"	Fully Meets	4					
"Horton, Jayne"	Fully Meets	4					
"Houlihan, Debra"	Fully Meets	4					
"Howard, Estelle"	Fully Meets	4					
"Hudson, Jane"	Fully Meets	4					
"Hunts, Julissa"	Fully Meets	4					
"Hutter, Rosalie"	Fully Meets	4					
"Huynh, Ming"	Fully Meets	4					
"Immediato, Walter"	Needs Improvement	3					
"Ivey, Rose"	Fully Meets	4					
"Jackson, Maryellen"	Fully Meets	4					
"Jacobi, Hannah"	Fully Meets	4					
"Jeannite, Tayana"	Exceeds	5					
"Jhaveri, Sneha"	Fully Meets	4					
"Johnson, George"	Exceeds	5					
"Johnson, Noelle"	Fully Meets	4					
"Johnston, Yen"	Exceeds	5					
"Jung, Judy"	Fully Meets	4					
"Kampew, Donysha"	Fully Meets	4					
"Keatts, Kramer"	Fully Meets	4					
"Khemmich, Bartholemew"	Fully Meets	4					
"King, Janet"	Fully Meets	4					
"Kinsella, Kathleen"	Fully Meets	4					
"Kirill, Alexandra"	Fully Meets	4					
"Knapp, Bradley  J"	Fully Meets	4					
"Kretschmer, John"	Fully Meets	4					
"Kreuger, Freddy"	Fully Meets	4					
"Lajiri,  Jyoti"	Fully Meets	4					
"Landa, Hans"	Fully Meets	4					
"Langford, Lindsey"	Fully Meets	4					
"Langton, Enrico"	Fully Meets	4					
"LaRotonda, William"	Fully Meets	4					
"Latif, Mohammed"	Fully Meets	4					
"Le, Binh"	Fully Meets	4					
"Leach, Dallas"	Fully Meets	4					
"LeBlanc, Brandon  R"	Fully Meets	4					
"Lecter, Hannibal"	Fully Meets	4					
"Leruth, Giovanni"	Fully Meets	4					
"Liebig, Ketsia"	Exceeds	5					
"Linares, Marilyn"	Fully Meets	4					
"Linden, Mathew"	Fully Meets	4					
"Lindsay, Leonara"	Exceeds	5					
"Lundy, Susan"	Fully Meets	4					
"Lunquist, Lisa"	Exceeds	5					
"Lydon, Allison"	Fully Meets	4					
"Lynch, Lindsay"	Exceeds	5					
"MacLennan, Samuel"	Fully Meets	4					
"Mahoney, Lauren"	Fully Meets	4					
"Manchester, Robyn"	Fully Meets	4					
"Mancuso, Karen"	Fully Meets	4					
"Mangal, Debbie"	Fully Meets	4					
"Martin, Sandra"	Fully Meets	4					
"Maurice, Shana"	Fully Meets	4					
"Mckenna, Sandy"	Fully Meets	4					
"McKinzie, Jac"	Fully Meets	4					
"Meads, Elizabeth"	Fully Meets	4					
"Medeiros, Jennifer"	Fully Meets	4					
"Miller, Brannon"	Fully Meets	4					
"Miller, Ned"	PIP	2					
"Monkfish, Erasumus"	Fully Meets	4					
"Monroe, Peter"	Needs Improvement	3					
"Monterro, Luisa"	Exceeds	5					
"Moran, Patrick"	Fully Meets	4					
"Morway, Tanya"	Fully Meets	4					
"Motlagh,  Dawn"	Fully Meets	4					
"Moumanil, Maliki"	Fully Meets	4					
"Myers, Michael"	Fully Meets	4					
"Navathe, Kurt"	Fully Meets	4					
"Ndzi, Colombui"	Fully Meets	4					
"Ndzi, Horia"	Fully Meets	4					
"Newman, Richard"	Fully Meets	4					
"Ngodup, Shari"	Exceeds	5					
"Nguyen, Dheepa"	Fully Meets	4					
"Nguyen, Lei-Ming"	Fully Meets	4					
"Nowlan, Kristie"	Fully Meets	4					
"O'hare, Lynn"	PIP	2					
"Oliver, Brooke"	Fully Meets	4					
"Onque, Jasmine"	Fully Meets	4					
"Osturnka, Adeel"	Exceeds	5					
"Owad, Clinton"	Needs Improvement	3					
"Ozark, Travis"	Fully Meets	4					
"Panjwani, Nina"	Fully Meets	4					
"Patronick, Lucas"	Exceeds	5					
"Pearson, Randall"	Fully Meets	4					
"Pelletier, Ermine"	Needs Improvement	3					
"Perry, Shakira"	Fully Meets	4					
"Peters, Lauren"	Exceeds	5					
"Peterson, Ebonee"	Fully Meets	4					
"Petingill, Shana"	Fully Meets	4					
"Petrowsky, Thelma"	Exceeds	5					
"Pham, Hong"	Fully Meets	4					
"Pitt, Brad"	Fully Meets	4					
"Potts, Xana"	Fully Meets	4					
"Power, Morissa"	Fully Meets	4					
"Punjabhi, Louis"	Fully Meets	4					
"Purinton, Janine"	Fully Meets	4					
"Quinn, Sean"	Fully Meets	4					
"Rachael, Maggie"	Fully Meets	4					
"Rarrick, Quinn"	Fully Meets	4					
"Ren, Kylo"	Fully Meets	4					
"Rhoads, Thomas"	Fully Meets	4					
"Rivera, Haley"	Exceeds	5					
"Roberson, May"	Fully Meets	4					
"Robertson, Peter"	Fully Meets	4					
"Robinson, Alain"	Fully Meets	4					
"Robinson, Cherly"	Needs Improvement	3					
"Robinson, Elias"	Exceeds	5					
"Roby, Lori"	Fully Meets	4					
"Roehrich, Bianca"	Fully Meets	4					
"Roper, Katie"	Fully Meets	4					
"Rose, Ashley"	Fully Meets	4					
"Rossetti, Bruno"	Fully Meets	4					
"Roup,Simon"	Fully Meets	4					
"Ruiz, Ricardo"	Fully Meets	4					
"Saada, Adell"	Fully Meets	4					
"Saar-Beckles, Melinda"	Needs Improvement	3					
"Sadki, Nore"	Fully Meets	4					
"Sahoo, Adil"	Fully Meets	4					
"Salter, Jason"	Fully Meets	4					
"Sander, Kamrin"	Fully Meets	4					
"Sewkumar, Nori"	Fully Meets	4					
"Shepard, Anita"	Fully Meets	4					
"Shields, Seffi"	Fully Meets	4					
"Simard, Kramer"	Fully Meets	4					
"Singh, Nan"	Fully Meets	4					
"Sloan, Constance"	Fully Meets	4					
"Smith, Joe"	Exceeds	5					
"Smith, John"	Needs Improvement	3					
"Smith, Leigh Ann"	Fully Meets	4					
"Smith, Martin"	Needs Improvement	3					
"Smith, Sade"	Fully Meets	4					
"Soto, Julia"	Fully Meets	4					
"Soze, Keyser"	Fully Meets	4					
"Sparks, Taylor"	PIP	2					
"Spirea, Kelley"	Fully Meets	4					
"Squatrito, Kristen"	Exceeds	5					
"Stanford,Barbara  M"	Fully Meets	4					
"Stansfield, Norman"	PIP	2					
"Steans, Tyrone"	Fully Meets	4					
"Stoica, Rick"	Fully Meets	4					
"Strong, Caitrin"	Fully Meets	4					
"Sullivan, Kissy"	Fully Meets	4					
"Sullivan, Timothy"	Fully Meets	4					
"Sutwell, Barbara"	Fully Meets	4					
"Szabo, Andrew"	Exceeds	5					
"Tannen, Biff"	Fully Meets	4					
"Tavares, Desiree"	Fully Meets	4					
"Tejeda, Lenora"	Fully Meets	4					
"Terry, Sharlene"	Fully Meets	4					
"Theamstern, Sophia"	Fully Meets	4					
"Thibaud, Kenneth"	Fully Meets	4					
"Tippett, Jeanette"	Fully Meets	4					
"Torrence, Jack"	Exceeds	5					
"Trang, Mei"	Needs Improvement	3					
"Tredinnick, Neville"	Fully Meets	4					
"True, Edward"	Fully Meets	4					
"Trzeciak, Cybil"	Fully Meets	4					
"Turpin, Jumil"	Fully Meets	4					
"Valentin,Jackie"	Fully Meets	4					
"Veera, Abdellah"	Exceeds	5					
"Vega, Vincent"	Fully Meets	4					
"Villanueva, Noah"	Fully Meets	4					
"Voldemort, Lord"	Fully Meets	4					
"Volk, Colleen"	Exceeds	5					
"Von Massenbach, Anna"	Fully Meets	4					
"Walker, Roger"	Fully Meets	4					
"Wallace, Courtney  E"	Fully Meets	4					
"Wallace, Theresa"	Needs Improvement	3					
"Wang, Charlie"	Fully Meets	4					
"Warfield, Sarah"	Fully Meets	4					
"Whittier, Scott"	Fully Meets	4					
"Wilber, Barry"	Fully Meets	4					
"Wilkes, Annie"	Fully Meets	4					
"Williams, Jacquelyn"	Fully Meets	4					
"Winthrop, Jordan"	Exceeds	5					
"Wolk, Hang  T"	Fully Meets	4					
"Woodson, Jason"	Fully Meets	4					
"Ybarra, Catherine"	PIP	2					
"Zamora, Jennifer"	Exceeds	5					
"Zhou, Julia"	Fully Meets	4					
"Zima, Colleen"	Fully Meets	4					
